name,pages,price
Atte,331,41212.0797321
Least cultural young century ,423,31300.8217757
Foll,399,40062.6779405
Good drive sing long would health few.,171,89263.4271692
Act again full people,249,64230.4427368
Suffer cultu,102,68784.2407269
While environmental discussion. Public guy buy ,123,73746.837779
Just activity invo,230,68147.3442684
Edg,390,32965.8391799
Company under neces,323,41970.185976
Lose this respon,260,63177.2892553
Or nearly data. Way common wa,249,58749.6992058
Peace art ,471,23597.1309723
Process doctor research. Notice bes,83,76944.1429249
Draw check desi,208,60139.0041891
Teach game movie hus,286,47509.2023095
Relationship card lawyer na,452,26461.0385959
Song guess join. Econ,121,68433.2138358
Question,481,22177.3832663
Build close front set.
Such in ,311,46767.3826053
Area qualit,452,22862.1451344
Forward age our successf,445,26404.5727027
Machine available mother,495,19569.3526804
Parent head bank product. Member moment or,352,24524.5382675
Recognize call determin,355,40742.71387
,277,52368.6824918
My dog into. Materi,395,38954.6658166
C,300,47013.9540413
Bring protect ,190,76810.2386068
Appear coach television poor ,171,63448.5074334
Surface though little about ,241,53554.7576547
Concern wind cultural us ,325,40304.7731821
What state interview consider ,247,41814.293154
Event genera,162,68525.4877006
Per claim sign reduce ever,440,25970.3443337
It for artist p,222,64379.5505378
Fear to,157,69057.4736399
Community s,404,35959.9851589
Could guess note man tal,249,54444.3981074
Deep give season ago memor,317,44421.2615863
Hope without house. Future someth,447,23060.8854064
Style TV right money wr,167,58391.7922904
Far else order form r,460,23161.2705682
Over pas,286,53312.4173018
Become concern about ground prob,235,67291.1697903
Eat price ou,369,39940.2682779
Ahead skill region s,394,37709.4169563
Speech behavior include guess,394,29230.6040162
Sing whatever none indeed so,199,51608.382423
Hotel own discussion life. Remain force lett,439,25521.2718718
Threat former ,121,88028.846335
R,405,32034.1176644
Adult drive according ,266,52611.1857765
Popular book me traini,343,42976.2337141
Recent order health produce ,202,62777.9091341
,302,42244.5363382
Professional relationship somebo,408,30241.8654248
Write now wear. Me fin,356,33803.4169295
Vario,282,51405.6891447
Anything pass ,100,75643.5688446
Force space rich recognize teache,260,53278.4604365
Box fill product alone. Task change i,342,45536.3810795
Process region tell in,200,57342.5602672
Shake b,279,48783.8524369
Painting m,435,30469.783357
Do cause management,480,22407.4305893
Shoulder pretty ov,397,34456.0358548
Young black,226,56268.5918763
Stage kid ahead governm,171,45069.6662381
Star church woman among tough reason,406,32135.3442257
Throughout ,171,65444.4210764
Sinc,298,58057.4051591
Main me various down,364,41087.2324458
D,277,63264.2985701
Reason store centur,143,76450.6721449
Writer ,103,90226.9981362
Grow si,257,57694.5437362
Deep nice design li,331,48678.536315
Agency wrong pai,289,46420.5585636
Song to,231,56259.5454875
Song current t,339,47540.0637482
In,332,37808.0802888
Debate Mrs practice marriage a,377,39545.3655107
Assume great consider miss. Here securi,194,58366.5056838
Ahead require knowledge left i,417,35275.7925142
Article ready computer court each,463,25950.0370714
You offi,252,53197.3013351
After year eye full,159,63932.664708
Science my do. Administratio,85,63091.4472031
Standard father debate,156,77478.5483597
Figure life cold color ,422,28625.2701268
,350,45033.0900193
Stand film number next deb,186,74453.4414302
Management,201,58554.9177557
Ha,122,69619.5405233
Question player worry do,249,62038.0078071
Star present hot public ok i,463,25101.5254551
Why sugges,97,74893.6716773
Amount measu,360,44811.0146738
Message q,337,41238.8508618
Window decade towa,119,72761.6002081
Detail including force ,266,51756.2244518
Garden itself check,282,51716.63532
Industry surface partne,185,74905.3385271
Provide line ca,437,29964.6689161
About happen conditi,369,41485.7955433
Bed military least capita,449,25704.1835064
Similar ,118,72533.0162818
Less ec,361,35696.27931
Son view animal eigh,217,54599.9977809
Strategy factor property,300,51595.8422576
On marriage staff eye. Environment outside ,313,45047.3948367
Spend computer ,174,62748.3076716
Servi,188,63037.164297
Support modern expect. Onto chan,341,33624.4287507
Through Mr surfa,194,72983.5447786
Like reflect answer re,364,47500.5555766
Food large value talk ,432,30840.9802292
Info,224,43678.9847258
Dog ask forget d,412,32205.9021734
Skill police too record teach,290,36817.2752929
Mouth behind ba,325,41849.9342631
Southern question cover loo,109,91350.4565441
To court wall pull still before.
Charge ,95,75727.4818104
Surface statement,195,47700.7255109
Beyond owner senior.,123,64231.169911
Scene ahead bad rise. Past ho,97,83434.5899721
Assume interesting ten a,177,59283.8536361
Soldier note American relationship past his co,431,29584.6633206
Street somebody leader econ,191,60865.2333328
Surface compare pass s,329,41085.4912932
Attorney chance ri,105,77864.7315582
Before account a,348,40302.500144
Hand,173,78711.5025521
Issue peace sell rul,326,36044.7396606
Until patt,499,19000.0
Would democratic dro,441,28149.9128029
Degree there ,278,53333.1400425
Goal,123,80990.8007384
Tonight a,472,23029.1547886
Along indeed educati,193,64790.1613163
Free every sit can,274,47252.2751014
Necessary science main. May together e,203,65420.9842194
Film rich food another tree,121,76144.9126211
Financia,309,45987.8445508
Husband understand Americ,290,54104.588017
Key ,366,42418.348558
Him onto series rock pr,378,35653.1320305
Lead dinner f,326,45199.5372224
Benefit citizen ,252,50740.488276
Early care capital time effect s,433,27045.7288035
Nice a,230,59296.2038469
Themselves determine sub,124,95348.6939187
Hope each table draw identify budget t,284,35880.5972579
T,464,23288.7780958
Second eve,286,52029.9677621
Speech practice remember outs,97,91829.6563645
Sort heavy soc,429,29205.0382377
Up agree federa,236,54939.5878406
Good drive,349,43528.8374275
Sport may himself though s,241,56194.9056594
With free trade ten entire society team. Many espe,470,23289.5029151
Quite above air several educatio,189,71567.0766165
Drop test budget it d,371,40196.7905516
On impact re,163,67375.4358465
Tell since na,275,54436.2257397
Maintain possible early peace in,447,26131.8429603
Base something would tend. T,225,53823.3026979
Note scientist,414,30055.1831419
Human fine outside west,349,44477.6391275
Face lead sen,158,53586.1599936
Play body r,305,54049.868129
Experience detail fast an,302,44209.4386029
E,129,79270.6841828
Claim college whole sh,313,43805.9007899
Movement type ago concern ,131,70236.2919806
Measure ,255,36048.0927701
Sea exist m,283,44924.5664228
Produc,371,39348.5253522
Computer would of ,448,26862.9090935
Risk if towa,404,36582.8800784
Form s,300,52252.5631842
Seem strategy start vote. Despite rest,478,21764.1980464
Ok off Republican west,306,52110.7416844
Check either when ret,244,44458.6481264
Win instead for. Voice,346,40998.2437964
Better yard detail,262,52139.4999278
Explain fi,243,57015.0793022
Reveal meet explain. Fo,128,75965.3481002
Other policy co,181,64434.0138744
Building left,476,22378.5142249
Simple admit plan gl,279,61510.3878004
Size prevent ok leade,280,53761.1822653
Dog knowledge o,143,89834.9209186
Ind,451,25738.1358022
Simply,296,51699.9848363
Color al,149,77605.0400396
Half leave enjoy.
M,275,50059.7763379
Budget thank i,93,62778.4917374
Institution ,403,29717.2743934
Nation check family data good s,89,76920.9857754
Area opportunity almost dire,162,64622.0588465
Factor push so commo,432,32057.4049276
Should res,320,40185.9280635
Method final couple s,161,63567.6381536
Feeling mo,215,63583.6953089
Include their si,390,39275.7890998
Explain maintain back auth,485,20547.8503675
,200,54072.4102004
By century partner little ,377,34037.902534
Economy avail,410,36110.7247137
Purpose whether idea red step co,416,34470.9563675
Enough detail t,480,21840.3592562
Operation s,458,25495.5557408
Attention behi,341,41745.3308207
Night study sho,470,24355.9249052
Few sure ,124,65158.4702483
Official huge matt,354,40285.0037156
Human writer north d,345,40467.0157502
Avoid center r,327,44134.6955222
Front sea TV both. Kid represen,209,58837.7845986
Offer capital huge. Material cons,433,29778.8345042
Save per,217,50912.8627305
Myself ,184,55456.7950059
Resource far store bal,83,69144.1995603
Attorney early design,271,47619.3502542
Tax control,354,45781.2772598
Size executive call informati,377,35441.9829956
Million subject summer. Betwee,446,28823.5717893
M,443,28234.024048
Old decade trade la,180,75711.5741802
Hour next city do phys,166,58398.9279934
Culture yard mouth,492,20564.5951815
Even moth,138,59785.7690553
Hope s,370,39216.4861776
Budget include stand,388,37530.1741958
Own be animal old. ,177,65996.4892142
Same over go,184,86096.706073
Society task woman campaign case,343,44591.3596101
Source everything carry mean,337,50355.3533771
Democrat number defense five key. Buy e,315,46335.3194278
Form painting subject eac,275,46686.3870648
Usually everybody finall,203,48370.7271296
Mome,403,28446.1154924
Co,246,50500.9230887
Community,122,75616.9148849
Direction cut traditional music ene,251,53300.2797218
Commercial billion during gla,378,32243.9925081
Grow size join stat,189,80060.6460604
Finally particular ,255,62749.4543267
Range young chance m,379,38282.1838326
Method available ma,193,67873.0254144
Yet big floor ,351,45863.1115362
Bring sit entire ,310,48632.6173864
Least look soldier exactly,497,19215.6632141
Across la,256,61248.9311926
Hospital economy something season st,337,47447.6451184
,319,41338.0607416
After fi,160,87953.1215983
Ahead themselves husband far. Protect ,124,93571.4223375
Six near not,259,49456.1510459
Trial,431,31507.3471451
Yes lot Dem,227,55316.4423933
Face news impact,380,38670.7989131
Bef,474,22905.5827804
Others doctor TV what his. Market own,81,81189.6678921
Team most well doctor reg,391,33433.4688943
Apply parent see down. Stop na,293,59062.7451717
Young skill single air Mrs.,138,85252.4051733
Again,462,25605.6158211
Som,139,76741.3019381
Night wear ,116,73807.379782
Clear station history debate. World peace low people ,481,21053.8940498
Store probably population be. Po,383,38239.1236423
Situatio,306,59100.6041031
Talk thought s,135,56766.0927508
Manager get family. Its focus,497,19313.5637132
During war attorne,358,37748.1806353
Memory rock impact the your,112,78897.4683696
Pay decade explain pay,387,26963.3985445
Attorney bit fas,382,33260.166375
Participant future natural. ,299,50701.531923
What particular big one indicate b,207,71231.8525077
Song day project. Good visi,146,77674.5360442
Large letter fish beco,123,54673.4939214
Of who official safe hu,262,56720.9825775
Poor,487,20617.5061099
Oil history au,103,60619.8676287
Home work manager hotel seek ,358,43198.5243468
True need ,183,54031.879774
Actually program prob,312,43011.7387274
Reality tec,412,28443.464371
Through leg view film mouth int,272,47200.2743551
Litt,88,91741.8177565
Anyone like event lett,351,40697.024569
Especially carry might effort. Pla,438,29416.5608743
Idea inside forward c,459,26219.8242402
Range wear defense afte,156,71305.0421218
Stage camera century family. Wi,367,46020.8065436
There ok Mrs buildi,471,22791.0058386
Father space drop leg.
Ho,390,37048.4594307
Claim short minute ,250,57327.586776
Hospital gun arriv,150,83965.258871
Agency research final offer. Not enough ac,173,88130.1011295
S,351,37508.3126633
President politics well city ,446,26864.2841903
,399,36514.0279356
Author movie land you bag before. Return,451,27242.4747776
Drop eve,297,39779.0211165
Wall when hair foreign plan. F,377,38941.2895831
Road production few,199,56048.1105656
Or capital even entire red. Suddenly note,477,22155.4294074
Least approach card or,297,52102.460657
Man catc,164,59468.412518
Before his culture feel w,398,39277.0619177
Within re,425,31486.9284247
Star national c,390,33633.9086715
Somebody director som,448,25342.5865326
Believe pa,369,34555.4639104
However res,109,82312.951384
Decision your quickly,344,42674.7182911
Radio impact institutio,205,74801.3234837
Term base yet. Full night,310,50359.4386346
At same head protect. Company in,173,48549.2469116
Affect parent kind d,311,43998.8219469
While thought sort high man,217,60389.6527542
Defense pa,346,45441.8170175
Firm small ask look civil. Personal heart mo,475,23903.4787123
Everybody seat,245,48323.5501841
Prevent per see simply. No,136,71669.3155603
Size whatever,330,40969.2563295
And Mrs of,345,40076.2332615
Determine for few science,477,21835.6110856
Different,177,57897.2124089
Mr big positive little feeling. Mi,284,52105.0293464
Specific great scientist perfor,417,28763.5753825
Technology impact those remai,103,67484.4161282
Conti,254,57277.8408482
Yet here cell second hospital machin,252,57303.7760341
New line political religious my bar. ,234,45722.3849486
Positive center bill trade ,264,63728.6834884
Concern one wi,141,67053.6466173
Wind conference prot,405,37073.8472538
Respond say certain mont,300,39214.0903205
Late few civil. Gir,214,71096.6094186
Rest s,264,61133.0236466
Hot wish agreement. Believe rest P,346,42985.192207
Leader standard leader. ,194,67787.9674827
Professor pe,416,31222.9780935
Yet game play rest who out. R,420,30131.4842685
Current decide d,270,43585.9463821
Full agency really buy ma,453,25432.0257124
Abo,346,44762.476542
Begin more live behavior wo,229,64593.1569011
Window weight read f,88,79669.0190926
Way catch d,243,58544.6958979
Hotel chair south challenge quite ,328,46671.8027195
Serve as but between size teach bed rec,268,53600.548864
On room de,242,54377.536382
Custome,482,21013.1794791
Wide say Congress parent. By thus availab,367,36793.0385575
Modern who sit part ma,424,30635.9303168
Agent tab,272,53843.6030139
Save hair keep or p,284,47046.2735697
Newspape,187,61833.6782487
Message center very learn. ,148,78031.9752325
State your born appear decide n,348,41569.3069786
Anything study,225,62794.1346243
General new protect. Gas ,333,49726.9288818
Eight seem per place I any. Job ,307,51139.2498769
View less front bank single a,218,55583.2807943
Door co,348,44559.2618942
General t,174,64135.8464859
He once air standard nor e,202,56988.5036916
Team any fly Republican se,332,36680.610958
Month this rock c,412,32817.5092199
Realize bu,395,29634.4691325
Effect gun against doctor. Three,251,47868.2675237
Organ,200,71790.5923112
Call,160,98808.6647681
Opportunity consumer,158,56691.8182444
Administration,91,88228.6329607
Health sure heavy fall rather process nation sen,320,53666.6248711
Certainl,305,48665.394669
Hope s,392,34366.0141271
Stay exist h,118,66547.9097927
Reduce reason t,379,32386.9918822
Box professional expert near.,393,33727.1677133
Work spend office hundred cle,258,54762.5851575
Soldier,126,90757.1572292
Character student national ,480,20708.0733442
Treat final business Congress or,94,81586.504349
Rise wr,389,37231.6610136
Practice collection atta,294,59309.7884647
Able treat lead. Doctor old I fund ro,397,36195.6934708
Result ,294,52772.5406074
Leave significan,124,83771.6110353
Which Democrat civil cha,134,68308.9346496
Generation door ,329,47981.7648536
Either person store father witho,357,38005.3912096
Presiden,288,60031.3483982
Building three pattern between knowledge ea,318,42819.3608479
Prepare ,462,25762.5350035
Team sk,363,36142.3842347
Protect sell high. And trouble ,143,65217.8271887
Ground rather gas t,88,84320.4502724
Break traditional miss co,151,68607.2349773
Term million la,222,63026.8429935
Technology least s,279,37264.41811
F,336,41709.6317097
Feeling woman sp,433,30925.7555758
Worker beat de,324,48250.5193595
Kitchen popu,223,47313.6201826
Much cover customer approac,137,78811.980746
When really PM operation b,175,67730.1604333
Important sound e,253,69716.0908238
Statement indeed situation trade. ,205,74869.2197417
Reason ok imp,146,66722.7608553
Ok save quality eight his state chan,315,44467.6442431
Reflec,419,30243.232538
Continue Congress acc,114,96121.2661057
Provide cut histor,314,52214.18846
Daugh,317,45590.0314584
Yourself wh,263,46904.1757604
Guy politics mig,127,58542.7605485
Manager pro,344,40170.0789106
Increase thousand result under,367,44444.6516076
Senior beyond begin poli,324,49753.4185259
Onto ro,216,62850.7678
Her cost medical room stay,286,52566.9986279
Model again loss report ,142,65378.125826
Chance will gro,358,35428.3365734
Someone citizen red i,358,37890.1399986
Hope past simply ,303,52156.3694655
Rise animal fir,203,61544.733551
Be hold film,297,52232.0973239
Interesting betwee,163,70976.154842
Blood loss red four really. G,98,92689.3727492
Sense face record fire hea,402,32439.0372965
Attention heavy ,275,52081.0521785
Family y,416,32793.0060717
Response owner cont,166,56196.2052096
Buy nation rath,183,74164.3913878
A parent end inclu,426,26794.433118
Bring fire black represent simple s,292,54327.6060035
Finally decade sometimes society. So,242,57412.4936327
Middle foot trou,171,80322.1357582
Develop consider r,297,40916.4081124
Sing o,148,51662.6411957
Travel TV receive yard also. Pressur,268,54909.3366263
Land practice upon boy hear. Of,87,82493.7591953
Wear sort material get sever,413,29370.1109139
Smile dog get. Each all,353,45932.5968834
Almost sometimes lay soun,234,59190.7936521
Station quite inter,203,53960.7009383
Suffer car trial hospita,354,37522.5561622
Guess evening ,356,34917.5768936
Important apply los,399,36452.0369846
Adult chance step and b,208,60772.2233406
Name room value also these. Add econom,376,37605.590248
Sister,325,48858.1079815
Loss bit wife happen shoulder rest age. ,205,57041.4971666
Blue side bri,315,43757.2779603
Yard street beat myself worry. Himself his,160,63418.8597094
Cer,273,50581.9705636
Author debate choos,260,64639.5654557
Throw reveal b,177,59960.5430741
History military court exper,396,36574.9291479
And kind yourself avoid ,340,41507.6763545
Nor throughout professional imp,242,54386.9147325
,166,68384.6277769
Tou,344,43040.0581414
Nice popu,454,25879.6701248
Thus whom party c,101,72666.3636759
Stop security t,117,96702.7311535
Body t,132,82260.9451175
Color door bit million,480,21341.7589713
Doctor o,209,68226.8171424
Collection t,343,47626.4342068
Best som,329,44368.4590071
Add us happen m,160,74298.3107273
Such road mai,296,54552.1799491
Ball work watch be laugh r,360,42868.1699474
Their space similar bill.
Thei,98,55571.4199046
Plan bed news,349,39766.0457163
Door top,459,23552.1898554
Far and tough. Nea,462,25627.0408172
Performance economy go cont,222,54268.5074151
Most educati,353,38460.5992398
Career cover fly eve,237,54057.4319171
Account exi,232,50544.0082653
Once ,361,45319.4062091
Law bud,159,58231.447382
Friend if learn main envir,208,58343.7599994
Governm,90,93993.6402339
Home effect set main ,224,67019.2228032
Build full its form. Build bad ,431,27335.9295627
Cost better begin edge decision,183,73039.2985982
Perhaps once well summer pl,383,39178.4148301
Last per type action time music s,194,61485.0691062
Security direction rise each,353,33743.4912451
Glass mouth i,270,42484.7657547
Admit yourself my b,281,52009.499197
R,285,51632.0398342
Social material study l,450,25248.2383019
Actually ball trouble event. Finally,181,76503.3886551
Partner ,251,56001.0704535
Professional need bed finish.
Others agree g,421,30744.6816085
Lawyer agent condition,144,68308.4009836
Family ,356,41789.0026521
Nature h,340,40338.7554175
Beat feel development sound act young. Ca,286,49211.6644423
Property now grow also training it. ,328,38517.4430522
Pr,344,41440.1647982
Bed system theory,349,43598.3184175
Call hair occur single reflect. Aga,322,43983.6135798
Show source serious,465,22879.7767884
Pick evidence realize describ,344,42256.7416272
Major field bad two peace m,355,35487.1585545
White help begin doo,393,37416.0311174
Floor ahead poor. Beat require economy ,422,26731.9857982
Appear Republican ,360,36576.1772948
Cultural look early. Pr,256,57869.714658
Exist return ,449,25807.4710346
Stay blue himself carry pu,222,57677.7699574
Return answer surface decisio,478,22196.9682908
He lose easy town movement full. But fact for,182,65953.629605
Including high ,353,39131.3739668
Shake ,212,71982.8027232
Exactly more your natu,128,84434.0831527
Box simple fi,496,19427.1046225
Too task show beautiful,160,65267.0309172
Cell contain quality ,414,32815.5281413
Positiv,112,87482.07959
Already coach answer pl,98,75129.7537915
Agreement tax face wear not. Way ,343,47779.1479609
Radio character administra,158,76641.4578373
Protect group task. Own notice ready have ma,477,22627.7238195
Big ev,81,82537.5213388
Tree treatment maintain Congress leg,330,43786.1115418
Move now ever,346,49005.5703662
Central bar long sour,418,28024.633158
Read trip last idea. Law actio,258,48785.7109512
Father ,443,31381.4425844
Exist certain anyth,367,41804.0734154
Together book sure my ,197,50813.8158325
Energy rich remember section ,325,44053.996142
Marriage fire notice. ,207,69248.2693706
Near success himself inc,474,22963.8411087
However,392,39026.589148
Vi,425,32102.2341009
Who along similar assum,476,22425.5102029
Sc,251,61301.0698863
Republican gun ce,409,25559.4289764
Range color something by fill ,458,23201.9204772
Mission religious d,238,49567.2052142
Agent case others not. ,264,51233.5858558
Pick m,160,58425.4161139
Laugh never customer two. Similar i,420,29868.8292487
Speci,211,54173.2731941
B,119,82231.6996437
Learn summer voice within final receive secur,261,52536.6165083
System she natu,159,60733.827484
Consumer addre,259,54582.6126186
Envir,197,64386.1804098
Research right won,405,36167.7649811
Office behav,438,29172.3542189
At again e,420,33214.4792725
Off him including east. Insi,285,49735.6237049
Clearly adult space someone property make. Sh,328,48810.6076123
Enter,83,85460.9451387
Talk recogniz,423,28896.7210286
Together or through w,345,47986.7262608
Style next everyone style.,423,26669.1483769
Same send si,358,40365.0772051
Figure nature mo,94,72627.7010909
Tend before local own. Week list a,324,44460.6207666
Ability wind sister similar certain,356,36071.2132828
Between article cu,376,37670.6363642
Son painting audience resear,155,63690.7441578
Stand trouble goal cold foot ,324,46140.4027328
Too little none sugge,253,52020.1678282
Mission send mou,368,39680.2633718
Support education he although,463,22266.2283354
Teach source contain upon des,232,66092.134473
Poor su,247,61837.1540356
While ,361,38259.4739088
Role the heart ,104,74267.663474
Dinner thousand issue ite,202,55747.6553465
No dog PM rest,170,63365.5328384
F,223,65943.0972863
Claim tabl,163,74156.6763427
Soon here true spring ever i,240,52295.7844231
Single of enter. Kn,118,76011.183859
Histo,402,34828.6902844
For respond firm dark whole head fill. Husband com,460,24173.4901975
Or moment product start carry effect. ,408,31116.2881939
Rise from feeling,225,60060.6180588
Project dark directio,284,54121.580649
Green det,458,23254.8431942
Simple after sit deal federal ,107,63586.7960533
Girl se,103,69445.6053493
Technology sure my everyone f,434,31565.54821
Figure support our read stock. Almo,495,19666.1773489
Child hi,250,52797.0569808
Air leader wait succes,345,42544.2566428
Play ,217,67268.7321441
Go on b,419,30145.5270329
Health TV west dete,177,78714.4559025
Own notice,319,50941.0184617
To d,288,48336.016309
Not school could should,469,25568.9996551
Kid occur seven. Teach wrong,226,51862.5364198
Western note fish. Cu,334,39045.554116
Hundred join front arrive contai,119,77522.4717768
Article like could prof,285,45938.1015375
Finally teacher t,339,40936.9575933
Hospital education need act after mind. Degr,288,54161.6813299
Community action ri,321,51527.1240191
Thank attention reality cl,287,56383.496383
Trial cont,385,34483.3348665
Set behavior structure great stop,452,25031.2141443
Structure study fly friend according rule importa,335,40790.3673078
Between without become ,280,61967.0069336
Maintain series wide generation realit,471,23766.9677157
Acce,160,80848.037152
Provide another main ,335,41517.1699987
Few either b,463,25530.5937536
Thought few election front,401,32049.1224203
Energy million special south c,216,47386.4063559
Decision agency s,127,54111.9393502
Fill something push,253,62955.6382323
Significant than ea,272,52939.5628343
No view seven mother,290,49431.3196587
Usually hot economy. Cup five ,431,29529.5404355
Him a,142,83194.4238271
Test financial s,305,53821.938371
Partner foot manager friend seri,484,22087.3633048
Together agr,347,42130.8171611
Spend assume ,187,53815.4562492
Store articl,230,67191.9904309
Seven list wife common f,439,27140.4166233
Field if chair,365,40275.2766411
Despite pull buy ki,404,31059.8246397
Together name includin,267,49283.1450916
Us economy serious heavy discuss wou,280,42631.1846006
Miss ground line court. D,427,27809.9429043
Figure something partici,247,62008.8389125
Subject ,253,43517.6290005
Writer degree force lo,461,24813.726194
Society important st,132,64168.8732848
Per nature choice p,123,64306.9532688
He side long a,287,57139.4512455
Decision family assu,373,43309.132334
About husband exist phone six envi,142,92846.1183125
Science especially young write. Ba,275,60500.1184579
Item from set how scene pla,441,28172.7453
Chance mysel,364,37447.3375551
System where story nation forget f,198,60228.7843336
Answer so spring something mention trea,201,51997.5305349
,240,55935.862995
Upon billion true. Offic,139,85784.5977721
Responsibility ball year t,98,67019.9460124
Result Republican phone go. ,233,46365.1127512
,496,19380.443021
Listen college like ec,448,25428.9014952
Sea official finally also h,239,64690.9862371
Source authority ,126,87870.2166987
Southern area others form always ,331,36995.9989367
Sit require addr,169,84973.909308
Try son friend signific,182,81789.846243
Debate hard go ,451,25175.7111643
Must so,120,82850.579108
Enjoy howev,216,55351.4384955
Language leave mind b,442,28481.9385436
Whose throw ex,398,28652.6043201
Write area generati,326,47347.0416612
Travel food bad ,211,60958.4528913
Fly six must popular ,125,62845.8123947
Policy opportunity red husb,234,48470.4693197
Treatment alr,212,62194.2877448
Former special music decide fi,134,82267.6168495
Key student will m,216,59874.1021059
Candidate improve red peace h,409,36266.9783412
Notice under ,264,62144.801273
Different visit s,229,59977.8449937
Bed approach car. Add ra,386,38893.3187474
Will myself student beat we ,274,64212.3581916
Scene brother stay time less find involve anot,293,47371.856414
Among reveal quickly m,164,68435.5522072
Fast wall arrive. Form pay ,321,45482.6496858
Together water up.,275,47939.7180055
Paper cultural result accept,429,31260.5555777
Establish s,378,38974.5531127
Argue determine bus,99,93818.0675762
Class few ,418,30189.3456157
Keep look air adult maintain.
Ca,111,95631.6510959
Sea full evidence s,371,43367.1021458
Newsp,396,33831.450195
,493,19813.5040485
Give real alone how. Head why represent p,177,43983.1750072
Congress let rise experie,157,72771.4595968
Sol,307,39957.6484306
First anothe,421,30039.0794588
International beyond between able tre,305,47597.6826399
Whom professor hotel hot. Organizat,152,67922.8943987
Across song hard approach whether co,321,45068.791655
Re,125,57143.1862619
Large door internationa,142,67766.1048269
Painting thousand arou,166,75353.5239508
Price people f,302,48820.5848298
Tell return c,80,66783.0737214
Television help f,327,43953.779381
He loss idea say evening budget ,87,59566.3349608
Long assume s,246,56821.3058933
Step owner three wide,375,38533.630285
Whether tr,156,83351.3060393
Admit big ad,151,53979.1203983
Skin may p,482,22429.2950487
Debate trouble structure cov,95,88340.8556248
Usually sometimes traditional ,320,43827.5880151
Film important school oi,385,33738.3739798
Education ,357,43222.4413865
Investment them finish w,304,47701.7345166
Usually fight econ,106,69071.3346621
Rich scene get laugh leave between specific.
He,267,53267.7335811
Proce,243,62034.4105073
L,479,22266.7113533
Customer ,271,58693.5228921
Short prepare shou,285,53403.0114918
Price news ov,406,28376.562157
Watch all,483,21940.8045096
Sing move of today east natural tell,216,58004.3285663
Sell price stage good whi,353,47355.4488817
When continue ca,243,51825.6215035
Need wrong popular ,353,38388.6273329
Trip suffer won,241,59363.1058829
Until kind only truth world Mrs wa,245,75261.6530656
Summe,335,35947.2151945
Performance worry mon,386,34299.1217668
Sense indicate officer sea di,281,55277.9335244
L,441,28950.2535256
Wife weight pull everythi,221,61208.8913123
C,352,43527.4580466
Sea wo,187,50557.1168531
Ever,349,36290.4913855
Decide condition certain,478,21464.3186475
Drop wait p,99,81155.4225685
Cause hour c,219,66946.8368488
View learn model not call jo,375,41160.9665701
Economic hundred suffer,242,60677.3238901
Big statement ,415,29617.4633739
Final today huge before ,185,74733.3781891
S,167,66205.4183224
Agreement threat color ball law n,301,51519.684401
Eye research get.,316,37333.3853476
Hit describe differen,174,74459.665347
Billion her e,260,53097.3837748
Poor skill adm,136,64552.1738566
Concern magazine ,80,79409.6071317
Watch evenin,390,44074.4419575
Rea,311,46813.471036
Thought difference pay state ,368,36020.491613
Out cours,189,64359.3949037
Law range lea,224,61932.1799107
Cover,120,64936.9380386
Itself well money hard. Data comp,383,33768.074905
Trip stand la,170,71634.2212533
Close article foot factor speak oppor,311,55431.3122785
Both hot successful s,108,78165.7052348
Specific case ,496,19416.9397801
Trade drive remain,417,34249.09402
A organization,225,50861.9023656
Present born b,294,49558.721705
Interview easy structure ,110,74153.3656811
Adult become trouble ex,341,34201.6586355
Teach ab,497,19304.7006436
Role life ,350,42053.8130095
Say doctor foreign interv,443,28716.2023444
Politics should busin,328,38233.6242082
Small,208,67100.7995952
Eat reveal hospi,243,59273.0400067
Second material various ab,335,45880.8136239
Company bag firm ball police chan,198,66199.2985298
Describe per many water accou,176,61453.5647161
Beautiful thought necessary chance final,208,66063.2420912
Paper stu,259,55301.1270551
Community admit write should.,202,61892.1956445
Develop gun impact hear day,353,45213.282681
Remain man,196,75286.0839862
Answ,238,59548.9122233
Give why,143,63366.5628789
Agenc,282,52171.3071573
Color probably major. Group,446,25671.1473709
Whic,313,46868.2645763
Staff yourself office identify ,246,36850.888088
Player important defe,416,30572.573919
Across west store m,166,73597.7988417
Thus guess room analysis middle. S,291,48670.0619226
Its station may difficult t,155,66453.4631355
Indeed wear could kind,304,47305.7651244
Week economy busin,231,52618.2645876
Off bill,362,43203.6326526
Lawyer low value turn mi,435,30023.6852248
Huge hims,216,56387.8932726
Fact record i,157,64647.7942378
Air between show cause foot ,482,21236.7993176
,300,55231.8951168
Wear p,212,67565.5558742
Become old all study hom,99,71864.4748608
Later then career line ,465,24239.9763554
Becom,346,52751.4498567
Kitchen wif,225,65568.6404958
Free recently arri,384,33004.6779291
Measure many manager pag,178,75728.3450296
Because couple of ,206,61211.1460615
Behind move plant economy. Hope oth,193,63896.6317061
Various health American,382,39243.7145863
Community includ,158,62595.1964654
Difficult de,259,60103.5697439
From trade recently Mrs dream our. K,83,80024.8772927
Really member respond couple within my,230,51775.6907947
College,176,75520.0815451
S,191,65574.8277341
Word theory int,294,39645.39811
Wil,210,56696.9058183
Country direction n,103,85311.9009225
She fear point allow myself. Stage d,271,50433.4635112
Challenge class so town build,107,74769.1175155
Life memory knowledge recently,355,37895.3665886
Official c,392,31365.9250839
Direction probably de,288,47112.8577284
Well view every,324,49271.5944361
Give ,274,64164.105785
Reflect account si,356,35946.8078492
Sout,189,73721.6268879
Wife less thin,430,28594.1485617
Drive most so physica,332,42385.6701934
Beat the than run person ,344,33234.9565566
Government h,448,26053.4489239
Everybody Democra,304,53489.5751877
Word market open resource ,354,34494.0096391
Seem these grow som,134,88630.3582504
Some not news fill career usually p,156,81740.1016462
Prove analysis fina,144,67466.1932189
Although soldier too pa,120,71858.5089451
Le,201,80161.1206015
Goal a,438,28779.110334
However almost month,465,24692.8189318
Effort behavior choice middl,179,76383.8347202
Writer series before,122,74809.217984
Tabl,331,44427.9628332
Enj,313,52401.2654016
Themselves na,265,56246.9307625
Politics early p,450,24467.1018838
Hit ce,97,62380.3760708
Exactly child kitc,428,31584.1265544
Federal tax i,352,43324.2052828
Drug kind teach,273,44071.136671
Western ow,178,67556.565363
Democra,169,67992.4141886
Husband agains,347,36587.8855037
Cert,436,27302.1621649
Anyone cost ,101,73663.6319164
Stage option worry local adult abo,277,59088.1611942
House seek knowledge,113,75390.2446694
Power exactly they benefit. Approach ,170,71974.7902411
Interest blue do,182,63014.9336597
Tax car woma,450,25868.8913016
Room analysis turn method stand acco,334,48300.2423211
Lose stand foreign e,261,49524.4702881
Mouth claim f,451,27330.9692618
Sign section executiv,124,64562.2618797
Later success ,309,52525.3619055
So either drug rate focus,334,43564.1639259
Star others sound not ,339,43978.0663723
Edge full togeth,461,24963.9839371
Fine phone prevent night attorney able unde,326,49262.2956529
Land executive north I different ,216,58975.1102564
Natural talk exist state. Area of p,332,42586.2908478
Rest like poor,324,48891.60591
Affect I c,286,47299.3647554
Civ,436,25650.5612911
Role lay war protect soon agr,244,37091.7935798
Serious blood it,158,87700.3076388
Size three at,228,54125.2390855
Nature receiv,380,33217.5658188
There check feeling. Fie,288,47614.2864487
Between significa,238,72416.514312
Play form,143,80816.4329879
Soon wide network ,167,69027.6661085
Industry large long do,411,29028.0515968
First else abil,419,29647.3461672
Main easy commu,316,47328.0629847
Message rock includ,393,34083.4546587
Red,441,26626.5096344
Dream top forward. Run,256,62138.8343157
Last might take a,498,19136.7922089
Sell heal,139,68678.3541831
President half back red station evidence benefit,426,29136.1319317
Stan,216,76079.6864034
One research arrive practice stage ,110,82093.8738379
Easy interesting p,369,42482.6578151
Step pull bank onto,374,41699.824876
Military field p,439,25694.4232852
Whom prevent,383,32111.3480781
Light structure improve,100,84616.9774681
Relate show age modern give smile ,120,66948.5283439
Recognize unit heavy b,218,61977.1981112
,283,45625.3608004
Conference little white exactly wa,370,38317.5418307
Natur,136,69852.1575402
Because couple dru,339,50120.9487364
Sister real main,462,23117.2675575
Pos,259,60296.7654249
Sometimes economy genera,291,51653.1024169
Relig,454,24531.4674132
Rich phys,154,81153.8659054
Ag,429,28946.6755784
Hot ,183,77108.6384005
Which standard trip forget ,412,32619.2091964
Paper major federal pre,206,63553.5626862
Right half suc,286,47585.6217236
Avoid interesting according difficul,139,83316.333015
It into campaign coun,305,56435.1928388
Majority such network mention. ,315,41606.590893
Hair myself art s,451,24110.335171
Protect central ,111,86160.9089326
Attorney dinner sit company ,312,42448.3565679
Just style worker allow item t,369,39021.0999156
Field popular ever interesting ,270,60314.005894
World during explain p,113,76597.85912
Challenge weight help usually mission. Ch,241,57897.9819996
Mark,133,79587.5559499
Lis,188,63718.83176
As agent quit,87,96298.5026527
Choice wear training anyt,177,54773.265762
Everybody production final rathe,149,71835.2494882
Find somebody glass none just det,256,67764.6236552
Enjoy point carry radio reme,306,57384.2768342
Knowledge voice,482,21258.1633122
Stuff ,274,47139.9827297
Finally nor,367,39537.5709534
Matter what authority ,421,30558.6323033
Should again keep part. Re,292,53544.3805115
Thing meeting government success your. Le,149,86355.8838558
Authority pl,371,40765.1190169
Say adult either ,208,64534.6727996
Establish ca,289,48058.5801153
Individual natural so skin. Situ,342,36861.8370295
Fear finally difficu,320,46575.3135812
Exist federal ahead,320,51568.6040508
Over direction three ,348,40555.4793949
Argue goal measur,288,53172.9020565
Teach mean cho,273,62302.4188774
Effort win half fir,489,20688.000655
Successful follow co,354,36382.0345153
Question common PM least stati,242,64023.6794873
Wear hea,312,43655.53484
Will continue piece late writer.
,233,65225.6435074
Available act answer PM m,194,53829.5519085
Law ok group win ,319,48457.7654334
Space per hold outside. Measur,407,33297.9273623
Care which try,379,37466.9306793
Up suddenly fine education both,495,19646.4353448
Music director focus all,206,54281.8071754
What than executive.,255,70492.3597946
Money color summer process abo,301,51973.9407388
If collection local available ,211,61528.8862931
Serve huge affect woman start,304,52980.5440835
Magazine technology commercial set le,107,83274.4788462
Who live acco,372,36401.3535752
Someone ,210,83134.9572784
Support eat fish fie,315,46487.3446307
School actua,454,24793.7982262
Statement later outsi,416,31542.8226892
Practice consider ,180,80230.2365629
Try few collection make event wal,426,30776.8103496
Guy create co,357,43482.6321978
Style soldier hold do.,283,52150.7354514
Scene ,270,47619.9119775
Life hit acti,263,58164.4096609
Throughout form onto ,482,21684.0157581
Nee,368,37626.0781842
Mission doctor community concern,207,65825.6210008
Part common speak fly o,439,29144.2650783
Have surface most perh,380,32818.1469733
Answer cause economy fee,261,56233.9231743
New box focus field hu,313,46834.9185755
Wind risk important ,372,40967.0847711
Perhaps population severa,107,80640.6108762
Audience beat develop. B,278,49840.1625495
Economi,271,61496.7813462
Sea model girl study threat learn. White almos,196,64221.4123469
Ready reason analysis f,306,33501.1746539
Focus list hu,477,21417.8520079
Skin direction s,398,32877.5610061
,244,37664.3933597
Occur difference ten nearly pai,316,51140.54697
Bed toni,198,64983.7688316
Include it ,282,46950.3369153
Force question leave attorney re,144,78183.944833
Situation use exa,189,49832.3477535
,158,71162.8701024
Sure whom language,213,60342.7656821
Smile security fast environmental ter,346,42501.0498196
Behind activity,286,54927.9258434
Make song lot,95,75487.2238488
Nation above ,332,51966.7045553
Hit,113,73932.9281374
Exactly cultural wester,218,60309.4033818
Baby wait us activity myself girl. ,325,48878.7458025
His might ball strong. Matter partner ,226,64941.8368995
Until mean throughout.
Hug,297,39421.7772855
Future yeah toward la,388,34607.9695355
Head one among involve.,188,48410.5220918
Trade produce col,404,37018.9951473
Unde,352,40218.8494694
Look arrive son ,358,44319.1947184
Give claim present police who,241,47084.0096269
Fight interv,334,47883.2054401
Bit son ,348,43566.8701103
Result charge member dri,89,89000.1254778
Over brother say seem e,139,79579.3808139
During she rule need le,449,22605.4985349
Mention soldier into option who,135,63560.9270054
Movie father n,179,60066.0804973
Happen author col,331,44774.9985025
Tax later somebody materi,346,46529.8630134
Without along thre,386,32438.3379826
International including ,232,57342.751198
Social clear ,314,51770.6888625
Least speech gen,408,29954.7934431
Beautiful minute upon seni,313,56935.1864669
Worry animal sell de,284,43232.368571
Bill everyone game gu,387,35051.4081726
Child total need pressure. R,215,63430.5982663
Positive med,331,45197.7707115
Partner three nearly performance fast,480,22415.4014863
Make size child good ei,482,21338.7646414
Whether appear message amount can financ,301,46677.3846883
Else left everybod,239,56201.1651544
Director yes camera sit ,194,65730.5064044
May also environmenta,416,30887.939726
Million husband per,287,46942.3507862
Bring animal letter early. Determine spring e,490,20266.1385203
Group difference put. Number card te,274,55245.4691062
Poo,194,51515.2541971
Investment a,185,61808.429566
Easy,89,87933.8823474
Old stop paren,232,56852.9871305
Scene speci,259,50063.6772052
Main,309,45066.6594778
Minute week current why ,348,43971.0588302
Trial life what speech.
Modern law m,155,58714.9067894
Ba,204,46955.8668073
Spring indicate magazine analysis. Fine,119,86275.1103207
Talk along pu,224,61748.8591257
Recently never organi,303,48396.2445839
Generation lay art guess a,390,32085.4456494
Safe share profession,474,22283.3448069
Become little away wrong g,238,62338.2874203
Ca,387,36117.3991543
Series skill fe,296,41676.1226206
Step country teach wind. Du,301,44958.3574065
Including incl,214,51636.5586802
Age letter ,434,32381.2461267
Himself statemen,251,48298.4474889
Write next mean either pe,282,47166.7961572
End modern bit list,202,57447.6800459
You how,351,38233.7586862
Kitchen turn ma,81,81506.53926
Wide rol,86,65778.5282675
Father as already personal ,381,36191.9531756
Area TV such democr,274,57517.631123
Together pull late any. Tend fron,361,43964.9259055
Any edu,180,62076.2737388
Future fight safe exac,171,93977.0091997
W,122,89843.6377484
Role whole,236,54297.8671372
Find take stu,247,56638.4051514
Possible leader name. Blood team c,402,31531.6104695
Physical pretty work,344,43717.5213121
Card street ma,388,32293.0797465
Decade participant themselves forget. Org,106,96565.5894384
Million find bag sell,436,25036.7081832
Lo,424,32457.1974162
D,238,63847.7693135
Message prepare city his see. P,109,88345.09414
Note camera garden during that along. Si,288,58186.863784
Next participan,287,51147.9899429
Practice husband environment loss PM s,149,43668.5261759
Present day wait diffic,417,33157.571101
Les,113,89017.6069261
Carry play particul,268,56180.6069508
Us stand yard j,229,68955.572588
Difference nothing way less n,270,52530.7740683
Yourself answer surface i,140,65392.9413284
El,463,24078.7846955
,158,65855.5338721
Minute simple ty,133,71670.0135017
Fly knowledge season,328,42212.7964033
Good front project own whic,240,61564.2786119
Special sol,484,21207.1164201
Down discussion world. Who good note d,189,71028.8881112
Happy raise be wh,302,42138.8578433
Station someone seek. Na,422,29430.6074308
Since each up. Itself win moment wind. Hand ro,462,25281.8241555
Though even method away red seem w,412,30445.3707032
Than insid,453,26096.6032219
Know can ,411,37599.8264462
Treat far source. Such act,318,45010.0863697
Approac,200,64278.4649107
Decade only foreign ready cause,165,69055.4655598
Wife catch best later in ,318,45911.3969503
Treatment busin,492,20227.7204854
Idea apply drug whil,409,35171.2789097
Accept present some. Lay nor stock.,289,48858.1640896
Night after power. ,331,40437.4040499
Important finish leave pro,458,25157.2172244
Sort believe race cons,407,30145.3796931
Production four realize learn. Seas,247,56496.5106045
Authority,312,58022.5371917
Coach stay,314,37733.9645423
School present get stage system ,103,80273.2937018
Interview true word article step hard. My nev,379,39790.2824472
Purpose have Democrat di,348,46203.8118205
Pa,177,78910.4017238
Entire,349,35163.3926626
Hour lay time,260,66879.4522613
Make drop national o,417,32361.2368012
Capital those wh,351,44739.1282518
Become moment better smi,335,43318.6704448
Expect might special. Youn,407,30490.3663665
Democrat fast performance e,453,23811.3717228
Bad toug,262,62257.2553403
All born do ,481,21346.5949076
Wonder offer wall product ,245,53591.574258
Behind eat long diffi,490,20319.6130131
Interview sure en,168,75006.6650144
Exa,435,25654.3433509
Open countr,470,22812.3521404
Letter serve road act,102,75628.8049057
Use science as space build,211,61856.1157424
Chair past per ,262,52957.8366373
Impact ,454,27347.7179618
Become thing pro,471,22827.4273789
Still pull thi,396,36868.6800642
Music ,83,67445.1011946
Focus notice individual enoug,182,62970.7630099
No politics list until goal,317,42814.419606
Network professional i,200,62850.3250921
Party staff up next. Lose begin method durin,407,30163.7294393
Three sign somebody sport. High,384,38017.2029136
,179,63153.0623004
Foot degree six somebody. Wh,311,46158.531201
Social whole may ,254,49542.6602426
Value be,358,42469.9136692
Thus plan section,304,41116.5738692
Table manage crime beyond. How lot myself,277,41225.72639
Student event should positive,473,23890.2385047
Sort concern an,424,35700.9367277
Customer rock data accept last. Ca,251,61925.2645806
Science clear walk miss,218,59907.2412557
Training maybe create wron,357,33752.0336636
Store strong growth a,332,39297.9612648
Identify detail ,468,25283.0400012
Your many training c,375,31484.2477166
Mr chair inside,265,57682.2081654
Long travel c,309,44139.5720983
Tough focus lette,284,57131.6961216
Far language rich amon,497,19310.4395487
Peace character general agreement,326,45508.3092619
Image pattern never some,147,66887.9594041
Idea sister o,117,83763.5208253
Same insid,111,81429.5761348
Level little defe,485,21050.5796478
Majority more l,360,48617.0638915
Prepare coup,176,87592.979838
Difficult rul,318,46246.8771478
Free above enjoy make individual ground.,93,90521.6287427
Reason state adult le,234,44415.0688766
Mrs cultural alone ,318,48050.281938
Comm,450,27703.9706876
Say over compare far officer create.
Wind me,350,37713.8308351
Finally whom nearly budget do,426,27379.8249203
Expect perso,427,32971.5162534
Employee musi,240,62422.3603108
Owner public share what play p,461,23266.0095772
Summer phone fast every. Structure risk trade rule population. ,374,38796.5672908
Quality benefit recei,213,64981.0172345
East coach easy great. Top leav,307,46839.6228078
Present material,176,63205.8124852
Whatever professional fund purpose ,323,40145.971457
Feeling strategy say p,256,66412.4087313
Close perform go importan,103,63985.991006
Level scientist including step create ,394,33562.5687859
Run last government around tele,164,60898.9559804
Assume buy challe,213,67061.3877411
Guy,400,33466.5989473
Strong owner strategy scene ,144,80696.1112007
Score finish camp,194,70000.471456
Entire nice design spring ma,231,72322.7277757
Draw inside tell western producti,353,38681.7615895
Middle provi,258,50642.8384338
Stop smile very candidat,434,28008.0955535
Support famil,291,58990.613238
Same s,208,71752.3959413
Security kid staff always re,283,60435.4610228
You way pre,164,53236.6598411
Preside,226,56861.4608997
Why present owner an,248,56960.21645
Decade sea religi,145,74235.3791644
Table travel drive their pres,214,58584.0858728
Seem edge dinner good,315,34003.9993513
Character bill,174,64496.4817586
Parent bank west next everything marriag,285,54748.2547017
Rather center former,164,62492.1848703
Co,284,53229.2660772
Present animal best.,423,26844.5936373
Mrs increase address ever,404,35311.0486875
Anything point report,233,67566.1301639
Billion offer inside re,161,85351.1692374
Fish soldier network sco,318,49074.7193091
Prepare politics animal remain.,429,28673.8561847
Material certainly ten pass rol,327,50559.71024
Size sea diff,233,76801.5073331
Feeling traditional I ,147,67937.0328136
Do fly kind ro,197,59093.5446306
Official election player. W,90,88917.6713636
Board tell significant,219,64318.841849
Yard population remai,420,31591.1640322
Feeling despit,347,37642.8983145
Him building stor,135,68808.6239398
Edge everything w,233,43218.8463718
Individual into di,338,39390.4533878
Whom ref,167,66424.5699071
American ,477,20991.5612338
Which future air west. Pas,301,44612.3612816
Audience single yard.,139,63897.3317364
Tax card development e,124,60838.24808
Likely siste,183,61626.0841713
Them side against people thro,473,22811.7376873
Hit perform use. Past Repu,261,56876.6969956
Machine requi,375,37511.8813601
Firs,305,51820.5758701
Be worker child prope,250,70960.5825759
Move federal ,103,81384.5714887
Imagine argue consum,343,49012.3448272
Difference onto beh,311,38002.0084474
Fast couple develop,347,37044.088563
Pass city live staff. Effort ,164,58883.4602573
Artist management move too security. Mu,199,65573.7152081
Record low official final member fin,179,57219.9089283
Night question everyone road. Soldier,105,77138.9155892
Center enou,406,34624.3525003
Democratic stuff always great to,464,25696.6021496
Not house lawyer western central clea,127,79442.212925
Attention thank wish end from. B,464,23947.7868752
Investment majority specifi,273,59832.8997734
Cons,125,60849.0285588
E,250,57933.541867
Answer sure next sugge,376,34393.7036741
Happen off science high push. Might way effect,448,26900.7577169
Fi,410,29357.6131933
Centur,149,57981.3503241
Detail know manager final write soci,325,38989.0332794
Itself report social fed,369,40082.4740097
Business spring profes,319,44448.0454749
Major change partner mo,342,45853.2834748
Fund successful sense,210,61654.6763192
Professional think within card. Past none trip wind.
O,212,67155.5027582
Traditional sit its weight teach,463,24511.0324163
Sure resourc,269,60793.603831
Scientist no choice th,231,68985.3666355
Everybody board camera whol,150,77779.4607263
Body improve every wha,183,58702.5483154
Push choice team stag,449,29977.2206291
Maintai,400,31107.0786107
Use woman want. Keep forme,258,54207.3503059
Account join whi,217,53722.1506244
Side system drive store,314,44745.1943614
Con,109,79879.9974761
Market every perso,345,44864.2239102
Shoul,430,28778.7323556
Although say research paper i,367,37261.9950735
Case want b,191,72527.2444718
Send feeling aft,490,20470.4049071
List trainin,160,72418.1187599
Hospital inv,496,19457.6064873
Participant simple claim product s,163,69026.6205922
Subj,261,65687.0195086
Through follow level ,217,67839.2036337
Wish race total PM proje,153,64039.9753349
S,195,69387.5675037
Morning air answer fo,251,58064.1905172
Stop painting fear redu,262,53839.1768448
Building night knowledge soc,347,38019.0167044
Understa,298,47884.200133
Month against leve,230,61550.0322802
Sport tell long today. Why skin reality remain later new majo,222,61941.2855688
International direc,411,32575.1525239
Southern join meet e,332,38872.2080743
Main beyond he,320,44919.0177954
G,345,43712.7536344
Oil against seven himself ex,263,54433.086754
Benefit rath,141,71750.5358466
Wri,329,36395.4280342
,197,84390.906702
It support color s,456,25612.9085589
Behind must less w,284,57295.2061279
Skill up throw just city la,319,47222.9304052
Nearly stand father another n,409,35394.3904286
Require audience always coup,369,38610.7024775
Piece in different y,283,50970.9280633
Any individual evenin,264,57679.0792024
Organization language,196,58600.9594911
Talk government couple. Artist order ,423,30206.8758062
Stop later pressure point day director. Vario,391,35534.5021804
Among they center whether,213,61209.1000369
Decade and ,382,37456.405286
Increase m,199,73152.2393052
Wait process cu,280,44644.3391166
Newspaper mission ,119,51567.1737174
Card environm,278,37334.0817241
Moment cas,315,45935.1717959
Truth table c,344,42585.9399961
Like ,198,63590.7252206
Inside north ,179,80728.1775202
American raise between,222,67964.0671683
Toward mi,385,38925.9170202
Rate figure challeng,433,28067.9838914
Democrat which happen ,262,54057.8694127
Senior notice radio share,493,19942.1797235
Hear into ,404,33936.8587833
Career represent see success ,267,45309.1523006
Commerci,91,108249.907846
Power receive ,263,51003.0749428
Must including produce di,131,72621.8073824
Kitchen,189,69777.7126839
Where measur,188,59937.7616361
Teacher may put ,377,40070.0247452
Drive information couple simi,153,65934.4409222
War ask officer. S,366,46342.3694118
Dinner rock situation m,229,53224.6760848
Stop clearly believe ,191,74714.3342581
Certainly political forget s,289,61931.8444342
While green,288,47699.2960601
Strong toward try,379,36339.6445098
Any four,80,53992.5928506
Cell j,379,36079.3467511
W,280,50897.2745922
Floor entire soldier pol,498,19122.3458753
To enjoy size training buy apply so,392,34367.8289096
Billion ,385,39338.5442974
Hit,201,69720.9882883
Cold mother air. Call informa,303,49516.5633799
Member traditional tru,269,50085.6475054
,352,41141.1032485
Where none dif,319,47343.9889745
Production req,365,39130.9948598
Employee indicate si,284,48602.9037318
H,447,28648.5563308
Son tough pattern authority. Treatment ar,354,41073.5987242
Same pass single me,111,83147.523467
Measure adult p,128,67268.2884813
Between meet sport issue di,274,42569.9146647
Low generation organ,121,78102.0119888
Degree over record soldier. ,138,76830.5685702
Describe pa,297,53780.749399
Issue situation ,134,76279.5093066
Again author class serious. H,339,43068.2558132
Doctor maybe some civil te,148,79215.055558
Up company point comp,207,66728.1315454
It debate as listen buildin,399,36483.9133449
Outside p,331,43013.4151129
No whether leg most. Free dark,237,61153.0443818
Specific likely tr,292,54510.6084159
Usually speak clear. Agree,355,43885.8778059
Re,243,51331.0764857
Article against yet weight certa,317,41022.790249
Sit serve ability. Congress ,390,32201.5715152
Use j,489,20358.5613405
Wife ,334,40172.3142306
Drug interesting,117,71393.5718407
Assume rock both themselves minute me,349,45702.9897845
First national account too a,295,49370.3382212
All yard fish will pre,141,89775.7299251
Finan,192,71994.6631897
Behavior chall,86,70196.8788964
Off,415,36085.8200327
Lay trouble never o,107,78870.4362507
Card with whateve,433,27233.6409017
Something from mouth treatme,282,42493.2459883
Chair o,270,46627.690869
Address especially list,248,50251.9880412
Garden,210,71612.2959709
Budget contain owner price.
Response simil,158,67723.1180279
Bo,422,29596.9422697
Return qui,90,105091.248732
Ge,322,53421.025565
Hear,265,58479.3191843
Environmen,417,29640.4824793
Policy energy challeng,310,41479.5591319
Alone likely brea,457,24933.6762761
About maybe develop w,118,67683.646577
Rich laugh Mr old know benefit. End phon,187,71852.0301208
Speech particularly stop sit want. Maybe mes,461,25744.9180646
Magazine increase p,292,45567.955302
Scene feeling not thing health ,260,51249.7472037
Theory ,291,43804.9022733
School war allow. Firm usuall,123,83317.3747551
Clearly need road stop c,460,24644.7452313
Wear th,380,34568.3232118
Under TV time fo,210,69371.3446893
M,125,64188.9776128
Modern de,346,46123.8239152
Work direction only sit against.,226,62775.169804
Happen Congress station b,130,79193.7762795
Design economy though ed,109,86152.1754162
Wear set type political,388,34755.7209534
Kind remai,151,88816.3529113
O,282,55463.5783284
Fact just experience f,405,31562.495437
,131,75551.2354843
Institution summer,360,33447.7938794
Man control bar le,316,50428.4295733
Theory describe,258,49612.3955962
Medical remain after foreign co,365,36491.3066189
Address interest bill cell. So,335,44426.0925425
Hot id,318,55724.4434726
Indicate defense pass do,267,51337.8261712
Land clear course increase. Pictu,148,81282.8673115
Economy relationship sum,485,21150.3356185
C,128,81535.6034151
Attention before rec,379,34320.3842681
Drug heal,343,39854.7845079
Material ,451,26208.9048137
Style ground work activity sure,229,65169.4440482
Shake future sure lawyer most,235,59764.2489949
D,371,38344.3488944
Real protect personal seas,279,51995.4173427
Including box,267,54161.9411897
Move food also business. Safe best dem,321,43211.4743535
Idea ask approach. Ow,398,34597.9587723
Enjoy value a finally across. Rich res,289,50217.6281251
Enough top school. Tell imag,255,58154.0184533
Director never city try. E,103,87319.8782318
Policy commercial,345,41115.3513049
Grow them first oil above. Inve,396,35218.4066224
Good re,491,20110.2281982
Behind ,199,73005.85462
,231,58134.2946777
P,251,52630.384423
Huge fact including ca,247,57373.9038814
Energy school tele,342,38702.2084208
Draw data els,197,64496.3461729
Actually trave,100,54352.9674127
Gun country ,91,82608.8337536
People under,485,21237.8336565
First beautiful among siz,457,27740.91765
Peace husband ,414,32684.6375492
Save music th,433,28761.3768026
Sometimes public mention whose research c,117,68130.9536941
Blue us sou,333,42270.1046519
List window Democrat crea,382,35446.4812746
Writer day ,295,49053.6443582
Education happen others area personal.,291,45590.8383431
After director ma,145,68729.0043835
What bill adult not. S,104,75011.5417806
Six q,341,40705.8896119
Teach trade ,340,44700.1065916
Discover eat develop me,170,73871.6291039
Increase sign serious w,181,66769.6066011
Brother bag return,346,40795.0503918
Can ever positive across,377,38667.7228209
Court about machine. Es,353,44233.066752
Share himself employe,458,25816.5870357
Strategy firm today ,331,41346.9035778
Mother certainly system acc,284,47899.4963231
Collection behi,185,67878.5628964
Anyone organization im,487,21215.41957
Least worker d,314,47414.2948671
Budget memory TV marriage.
De,438,27122.1123041
Though week,406,31334.0340305
Partner fund b,374,32195.4423962
Education enough,314,55177.1755615
Around general,131,63446.4158513
Group Mr large up,284,51229.3436928
Present possible hot image see. Guess land ,289,54559.6477082
Raise base over tough religious,150,65124.0831011
Our society eye popula,290,50845.6237596
Green sign strategy positiv,424,27510.3914129
Always election success fill newspa,224,60885.6838795
Represent soon gun co,319,42360.4151748
Program television s,220,63248.0170821
Including speech,315,51416.5363
Policy hand ago occur quali,247,49571.5252664
,143,85840.9337909
Fight international week cover authority.
Doc,341,43820.1166259
Raise green profes,344,45847.7903709
Cold those whether time job finally focus.
Var,306,40213.6830756
Drop management building those he,138,77063.837309
Huge leader trip son color press,322,43688.6726736
Order appear can,493,19610.8254527
Father product throughout,151,84640.3749393
Address decade wide. Th,223,54537.1082034
Few this political plant push.,88,87176.3655522
Must race magazine time. Seven confere,241,62250.4047187
Recent administration space. Ex,248,61703.2170121
F,497,19263.6347357
Inside dog decision proper,106,80157.8007636
Account former painting information. St,213,62257.9221192
Across,337,40516.4707274
Natural successful none seem know. G,244,66758.5525179
Contain source discussion. Single y,129,71085.9036779
Real road democratic forget assume mate,413,29665.5203816
Step site computer. Hold ,470,22442.1981455
Floor analysis form include,104,88414.3306621
Present hold land film schoo,123,58694.3988385
Common entire hap,422,34839.8679913
Culture quality thing how. Employee direc,222,57142.250233
Hundr,262,57328.1205854
Budget work song hair d,136,94479.6305732
Suggest treat health mea,292,47774.6067093
Hope on international quite thought. S,154,51521.6891941
Hundred st,305,48951.8071347
Organization sport fa,330,52817.3160925
Before week back ,91,90730.8935131
Use be,293,47036.0104487
Walk his a,196,58549.6301336
Specif,299,55060.9934669
Agent polic,224,63842.8644998
Why th,236,58132.4422166
Maybe certain total safe ,255,37256.7321327
Inside on rich threat,373,36585.6809125
Site s,346,34693.2934141
Area belie,424,33130.3232983
Hear ev,166,65500.3036891
For,496,19463.6285596
Ran,478,21764.9944898
Painting right,145,79064.5612862
Stand challenge local. Purpose,402,30137.8103968
Commerci,258,61366.8746129
Despite po,478,22187.9033497
Will as leg chance wonder skin. Card oil,493,19740.7067613
Wife dark job happy s,436,27691.7488539
Property sometim,314,54325.412021
Defense anything woman voice,129,66208.6353178
Magazine becau,286,43980.3566587
Better author idea over add than. Serve test hour,467,24071.2794555
Age,363,36365.0789129
Raise during othe,324,51074.6036935
Old mother young toward upon instituti,195,68146.0775483
Nation evidence writer c,417,32723.4102649
Might animal responsibility sou,430,27175.2414653
Manager either natural d,197,63487.5031378
Share ,446,28471.7960863
Gas face over institutio,210,63385.5346137
Wait service night ,478,21670.699448
Part mone,353,41824.2491414
Ba,85,85954.3934985
Exper,398,35451.4963273
Lo,180,57472.184561
Magazine stay,270,54630.3275299
Wh,393,34006.7741579
Exactly season learn court contain few ,481,22649.9499267
Before pull throw. Like a,409,30722.7638699
Chance her gr,430,29316.4418526
Win che,147,68215.9437412
Heavy safe,188,51775.0269487
Expect form them buildin,148,79567.9131572
Party because wi,286,52133.2969534
Pick well real,456,25199.8551665
Occur professor back,182,58907.1761862
Garden difficult behind despite midd,255,47153.1251297
Hotel sit his end. ,132,79792.8539613
Reality c,297,51582.1797768
Personal usually r,308,53940.8768678
East control she western south. Require kn,374,35721.3272475
New street wide call. Rang,331,36113.2467927
Home deal mention.
Half far musi,249,61622.6489431
Pick team road student. Go,462,23301.5463268
Heavy soon price check kind. O,469,23695.869125
One call almost economic indeed.
Cand,376,39050.6578446
South soldier adminis,223,71915.2647712
Offer futur,104,86611.9459014
World both sho,197,75665.4870248
Understand l,161,74641.1358967
Milita,394,36257.7768967
Process traditi,328,40385.5057965
Maybe ,283,51510.6220585
Their another stay miss add. ,420,37571.6222345
Position tough commer,304,52666.2808832
Her rather case ,428,33567.8541083
Section face young listen you,352,44839.7247093
Senior answer la,286,43939.517091
Prove,106,76918.1616374
Executive dream product relationshi,208,60592.7573382
American make indicate l,397,39586.4905052
Man foot deep institution main d,134,75813.5434873
Form hotel hel,286,45104.143865
Worry impact,382,35491.3131441
Issue fo,246,42346.0454095
Listen measu,224,51845.07396
Address generation small stop lef,200,75714.8272253
Protect hospital list serious. Article ,309,47736.357287
Increase respond plan r,367,41535.4997236
Candidate Democrat upo,333,43700.2166906
Wrong believe mo,128,66404.6689385
Increase store recognize,432,28673.2851604
Tonig,268,57012.9036061
Company treatment you put. Job be,247,51605.6815623
Wide manager onto pie,238,57811.2520188
Doctor project Co,299,52823.6517813
Film music happy bet,82,87252.007909
Necessary f,131,70519.02361
Projec,322,46675.8771357
Hair society ident,370,41229.8315059
Although get ,268,54295.3042832
Just type among person listen,468,24711.3261176
Green conferenc,422,31193.9054951
Hotel hit information some b,322,48446.49322
Democrat likely join ma,323,41157.9208019
Get year medical type race ro,366,40952.4529704
St,230,60845.4919321
Program child scientist right thought out. Exactly,301,42443.2020115
Speech guess major sort,304,55624.6616715
Much put h,363,34348.5757113
Expert sort profes,93,114502.452653
Garden ,306,43542.0070885
Best,419,29392.6819682
Concern ,300,49342.4563944
No power learn. ,315,36329.7189786
Behavior remain,386,36336.7613105
Occur only lo,219,50628.4087289
Effort heavy size. Road threat ca,269,53294.5429794
Nice use point people nev,239,52854.832432
Successful brother espe,351,40874.4636218
Help nearly their sister,216,64571.4198068
Keep partner since coach,189,52408.2857614
Sometimes,287,48887.7358563
Prevent image ,374,37496.5026674
Resource ab,202,55048.6579201
Prepare wrong woman week per. Here realize,305,51355.0667801
Opportunity I small,282,44811.1549377
Company local offer policy perha,367,37516.6468746
Spring court town re,338,39767.6047851
Positive ,262,68248.8295918
Least ta,407,33437.679745
Leader mo,499,19000.0
Argue over low test type. Camp,241,52150.2192132
Probably garden military,250,47086.6425918
Policy carry tax t,416,33543.1379671
Never spend laugh eye give ,352,42033.696694
Try materia,431,27487.9600438
Interview call forei,92,70632.9563632
Project discover,268,39183.5524508
Course ,119,83605.9096516
Whole anything w,125,62100.2822508
Order up area ,119,92836.0622366
Bank success,439,26525.5527025
Particular election point cle,266,55215.4937528
Structure summe,406,30496.7939067
Myself,199,59154.9814632
Cold through by medical,80,61315.2491295
Large focus billion fact ,292,46166.3011138
Four every chair claim.
Ro,495,19577.8337023
Personal,376,33446.3873345
Weight within could draw,280,54634.0070629
Off few check least fa,297,54408.6697796
Star similar tough the. Appl,305,55255.4549208
Firs,100,89911.2029741
Mo,284,55491.7040521
Bad evening f,287,47407.7046823
Adult custom,254,62487.0033249
Court certainly small ,295,54497.457088
Enter effect Demo,201,61977.8265746
Congress almost ,294,49284.3591023
Ability face bad n,309,49092.9032096
Book marria,379,38555.9032362
Eat let lose affect hard go b,118,66277.2962462
Father necess,365,35789.186727
De,393,42068.0348597
Family dark part,202,65720.4734299
War as of is,432,33025.5099021
Amount right appear so ,360,39823.539255
Republican follow wor,375,38092.1869187
Stay happ,235,60440.9145941
Example picture bit,126,56483.5503951
Hot though inside dr,97,87279.1546245
Person although might f,259,57254.9506922
Old dark race main culture project tec,446,26172.4694387
Floor bank season ,148,75708.7335664
Focus feel also o,145,78266.0493946
Policy color many from,86,85345.8105253
Foreign prepare ,412,32044.6309469
Citizen score someone hope cour,88,79151.1249669
Never thought front se,457,26053.1912621
Draw purpose road marriage ,241,46227.4683169
Leg southern mother enter strong he on,420,32215.5962543
Require maintain game heavy,386,34956.536715
Some sure pull attack rathe,183,68884.4928276
Up cover group. Someone ,431,34566.9141023
Already coach position t,318,45753.0197024
Safe fill couple lose. Lose av,317,44168.341145
Especially single network ro,243,59765.8836252
Thank unit lawyer option ,304,40850.4985832
Dream beautiful drive ,181,74780.1866703
Moment eye west everythi,422,30812.3412715
Should area ,296,51787.1864983
Than food rem,453,27160.6511538
Fine road ba,448,26348.6209833
Hard writer just ,191,44077.0337409
The month total have home ten se,111,69652.0738354
Commercial energy,359,39747.6180634
Personal before hope give series. She ,297,45405.7052293
Senior new story hope news ,398,35562.2498374
Small whethe,319,53947.5802234
Miss good half dif,128,63401.2796668
Meet ,198,69570.4768482
Expl,226,50432.8770668
Pattern then style sing cou,347,40191.186678
Bar he,154,65097.9589192
Collection PM social avoid. Be,258,48137.4947629
Deep continue marriage summer windo,216,60118.3365066
About employee risk rock,268,48855.8054945
Usually civil which moment. Scor,396,33366.4388453
Number individual in,126,85121.1705096
Themselves defense member ,424,32610.4211605
Ta,494,19634.8750709
Enjoy accept character some,133,75231.3767451
Fall right car safe centu,415,33786.4561856
Institution myself to use p,381,34512.3673962
Help require such key experience compare hear pr,490,20045.1910778
Activity science son eight.
Allow,302,56842.8669905
Whose work call. Source,174,65150.2374892
Teacher until party productio,199,81835.7175438
Environmental d,470,23198.2760999
Ago rec,134,59589.4704733
Himself evidence between yourself ,232,65903.2972004
Choice performance ,499,19000.0
Skill able society open avoi,256,57795.837808
Fly red true heavy. Step away cu,198,59107.0453121
International magazine rise ,317,40619.7976358
Hundred other reduce e,452,25050.3843549
Low green forward central. Can a,355,43790.6693241
Impact radio space enough computer. ,422,34262.0007209
Worry TV street hot shor,289,58256.8265682
Significant type work business new. Turn Congr,121,52615.8760218
Ask must organization whatever board Mrs ,372,41085.8453174
Modern color money ,300,43057.4920697
Themselves p,354,34797.9394679
Response they t,163,73956.0735179
Size bring expl,268,63906.2062963
Next author training gas effect pa,142,84864.5471717
Herself attention lose best might. Wai,166,56436.7763519
Task trouble ba,121,83657.1125256
School Mrs evening off.
Oil serv,271,51874.8477949
Then create close into bo,335,51873.643576
Last technology employee none,357,47571.3798945
Church press,413,32688.78431
Develop s,313,52702.2848281
Page o,410,29295.4957841
Small task help. Herself best ability sit c,455,25149.729116
Whether among right water broth,93,63172.7146178
Opportunity di,332,40662.8976124
Leave contain only somebody,386,32485.6176015
Speech goal open,460,23951.5605858
Manager house single specific ,330,41445.3510407
Central discussion event smile again chall,320,48064.6350949
Happy certainly develop open mo,369,41097.7963028
Author d,177,54718.4403389
Think their figure. Bui,139,69611.027284
Age goal hope a,203,67424.1403287
Soon coach would pr,261,56860.4083879
Whi,193,70226.186474
Father b,332,55507.459742
Describe le,176,58025.0564435
Interest wif,315,51564.3405211
Picture create ma,257,49176.3606084
Camera reality need trouble l,340,42338.1198094
Customer within image medi,302,46753.3029696
Later anoth,231,44188.1472367
Meeting down ,419,31490.9084429
,471,23747.6170864
Point compare frien,463,24874.2961031
Level behind ea,281,49050.1837171
In,140,75003.524493
East ed,264,59474.5258673
Check drop government to,148,67849.704163
Series forc,113,85532.9488012
Attention out,209,63581.3711263
Carry begin five. Center,266,52390.0853718
Take defense b,199,34415.0051629
Girl poor within indicate hotel,251,60353.3786925
W,426,29979.3094827
Ex,304,45298.4518593
Very most hair effe,330,54940.7282032
Media write tax reality society strong we,271,45619.7000622
Bed indeed ability o,498,19111.0860258
Study including its analysis could ex,290,39835.8984752
Take parent hotel option investment art entire.,180,65865.7343218
Dream among field wa,386,34858.7571811
Exactl,276,56046.7885577
Summer something ,179,62220.4616938
,307,37518.0680143
So,294,52990.4252192
Such everything sea site,191,76931.6964649
Bad look work eye ready matter. Hai,470,22417.2342875
Bo,191,60474.5176613
Defense focus member f,428,30913.3111433
Thus on visit,133,83448.2462568
But hotel happy effort ,147,59702.8196589
Style sister pr,372,33893.8014244
Som,299,46112.5860695
Store fear kid phone could s,328,40560.9082496
C,251,44147.4945736
Size require statement thank a some religious.,119,77305.2106888
Floor action poor,278,58813.4831838
Certainly,169,63398.1261499
Tax regio,315,36581.0274828
Movie throw drug fast valu,337,41629.5260448
Cause scientist drug no,159,67606.5247727
Relationship you operation o,377,38052.8035116
Di,204,70152.2016502
Ask laugh re,165,84273.015112
Try item close minute center. The cen,193,58995.5356844
Beat garden economy marriage region c,253,63343.9899682
Thir,422,33817.5669971
Party range partic,453,24638.7293064
Class back major eye give. Pr,319,44904.831889
Choos,415,30685.0518205
Final stage pr,232,66991.7826848
Be how blue clearly,219,52752.3923441
Happy write benefit wall brea,378,42138.6407746
Return agent identify,199,76617.5955347
Vote themselves siz,472,23023.2044894
Value usually o,313,44110.4539644
Car decade,180,79126.2247534
Think hour wa,342,40405.4612527
Others scientist sport then. Wea,84,105862.447841
Final road campaign relatio,191,53887.7996683
Eco,416,29718.0180733
,299,43467.1722019
Spe,283,47138.8755915
Author br,232,49914.3215144
Thus gre,279,50800.5117556
Put right wait ac,143,81134.2637138
Race fight draw west. Wa,197,72314.2795711
Couple organization w,307,44261.3670975
Former inside i,373,39058.7312952
R,377,33290.0843511
Few decide sea spend get security abo,416,31157.2734986
System show spring ,304,51900.4657725
Across they field threat mo,496,19500.8942268
About discussion low history,171,68477.0522532
And authority American also b,280,60486.7865864
Pre,269,49109.1149689
Kitchen rest dif,345,30108.6482847
Model behind any realize ,247,39510.1828231
Big green professor end everyone.,437,29863.5163076
And there what heart pers,227,68360.249935
Here father c,409,32925.8373241
More over force difficult region. Le,479,22540.8582573
Fight dinner o,488,21299.4111816
Trade team boy garden. Leader,202,57454.2397952
Public relate our item seven wester,392,31891.4347854
Me,91,77486.3314289
,297,40625.3247191
Employee less those kitchen yo,455,23869.4539695
Bar hear second c,82,96455.8914661
Wall co,182,71548.9430244
Low ey,489,20490.3851931
Brother dif,113,64452.2849657
Television like late,222,56459.6185227
Must deal develop ,158,72128.712725
Mrs rise door,371,39232.7010537
Give society marriage pu,480,22146.4974938
Without futu,328,48589.8379268
Call decade upon thei,470,22720.6095737
Follow region six ,322,50193.5856121
Budget feel yet wrong. My ch,202,60786.5181536
There likely food final. As re,257,55889.2398769
Fast risk then mor,367,31482.8763619
Myself you gas owner pea,111,69834.92912
Majority color where news. V,90,84337.1731476
Medical kind good program six,460,23465.6911935
Fast friend space affect d,304,51340.5815183
Side chance drop a,438,27294.2018332
Still long at very. Write posi,264,57638.4871951
Population white mother race miss pr,269,65851.4213101
Perhaps under Congre,216,62374.3398284
Upon similar policy effe,270,49855.0850308
Cold product action ,201,54279.4559228
Father nation unti,496,19614.6163228
House whi,196,72795.0970852
Land summer watch staff return,207,78623.5203383
Measure remain lo,333,52721.1894214
You mean hope mean. D,352,46837.4258655
Board suffer peace consider ,361,42359.996858
Remember ,136,67670.0955413
Us history hard stock provide fly. Mo,477,21965.8252184
Kind continue series seven air rock wh,139,67351.8417403
Difficult country ,160,97766.5060476
Spring would student,201,57566.9932243
Party question surf,406,37326.6097288
Next be,97,104554.118352
Clear sometimes model guy. Maybe ,286,43976.053478
Store but owner wonder,306,43553.8726961
Range officer apply if sin,258,51975.0978423
Someone co,192,51927.0751416
Create rest day special o,167,60916.7500537
Hold plan lawyer their ,407,33372.2605881
Worry account indeed ,325,47591.3917287
Personal spring sure they. ,400,31733.8298349
Sea performa,312,43288.5209207
Wonder ask him provide ,159,70522.7454079
Weight ,317,46164.6504428
Decision medic,344,39457.6961567
Team tonight me,246,59309.1049017
Instead per specific. Itsel,476,22206.9764572
Individual speech noti,497,19304.5789244
Good buy hope front small,394,35877.106358
Small maybe argue imagine,480,23129.815585
Brother western fi,312,47970.9480632
Gree,97,71969.2372151
Themselves book everyb,388,42139.1927567
Make drop mon,377,43427.992823
Food gun over ,103,73087.5412557
Care address mouth ,428,26299.2176615
Generation minute it ,307,51303.7349307
Music tax prevent dream table give le,267,59823.8978006
Method who maybe,303,45747.7266892
Money radio organiza,427,29584.1378663
Situation rea,240,50448.2445073
As set front power within job ,454,25411.7040022
Go follow father especially source p,302,46954.1476638
News keep red prote,100,73191.0516981
Manage trav,318,49652.2126536
While be yeah person. Catch stage d,174,76604.6139538
Near tend cell baby so,339,41432.1918365
Stock understand citiz,225,50641.2000396
Figure us building. ,343,44332.5984754
Example detail light rich us reali,177,66667.6659444
Those discussion artist serious argue mo,477,21783.4118326
H,309,43386.5829367
Clearly movie white dow,244,55853.9911768
Seem level,262,55370.2624621
Drop level let resource ev,170,67262.3926477
Back book determ,395,32638.2348991
Community travel,306,55657.3917135
Anything what born ans,100,78285.9515329
Deba,211,63543.9220702
Including fly hou,310,48146.6569269
Per on much. ,366,35720.8097207
Wait around rate because describe. Others word ,91,83318.2340437
Source major ,88,79337.9895385
Drug think ric,300,53140.2770753
Simply also research ,452,26272.255278
Who ask fight li,431,29635.8527085
Analysis part,336,48151.9465848
S,313,47734.6805352
Man follow choice cour,222,72477.7404966
W,321,49000.1210225
Image garden w,85,79042.4007751
Machine relationship college,216,72148.8717249
Low represent word create,446,25895.0183229
Much fact occur. Com,341,38520.8394687
Night mouth trea,217,56164.0192869
Air church you assume beyond no. Summer theo,337,47666.445033
Special your century,375,32954.4647244
Ma,275,56120.7274545
Quite everybody mind bi,368,42810.4899908
Force material ,283,42509.1265101
Necessary continue north help. Picture ,404,30262.788824
Others avoid can ,424,31801.7920225
Quality manage thr,185,71141.9889205
Plan case early style here. S,233,52914.3666524
Single word protect chance. Finan,347,45520.3915828
Change him various increase mo,281,56761.5238144
Country compare s,462,24435.1572571
Community enter ground rate a sit. Send a,89,83989.2669096
Drug day heavy final gun. Test last me. ,345,46144.7188372
Body quality custom,223,59253.3271271
Her discuss televisio,477,21820.4303735
Foot energy course sec,288,54226.1947443
Child indicate politica,105,90184.2198593
Carry fight fact. Town break investm,370,32555.5941698
Little kid relationship late,170,73347.0199666
Inside anyone new with.,282,40034.0567459
Pay in,469,21635.7963657
American long bi,226,66199.7153216
Data dog case top gr,424,32118.4463354
Theory int,321,41583.8553481
Fund tell huge enough.,394,32520.7657714
Health peace milli,404,32686.135166
Left my a,182,63734.7224576
Difficult bring coach high summe,113,59396.2338882
Owner face of though k,309,41223.4725966
